"id","image_id","user_id","react","created_at"
"5","7146","250465332","3","12.10.2022 8:26:07"
"6","6505","250465332","3","12.10.2022 8:26:18"
"7","13951","250465332","0","12.10.2022 8:26:38"
"8","3789","250465332","1","12.10.2022 8:26:44"
"9","17653","250465332","0","12.10.2022 8:26:50"
"10","10758","250465332","3","12.10.2022 8:26:56"
"11","10572","250465332","3","12.10.2022 8:27:06"
"12","6110","250465332","3","12.10.2022 8:27:25"
"13","14331","250465332","3","12.10.2022 8:27:28"
"14","13188","250465332","0","12.10.2022 8:27:37"
"15","3929","250465332","1","12.10.2022 8:27:44"
"16","17214","250465332","0","12.10.2022 8:27:50"
"17","18081","250465332","1","12.10.2022 8:27:57"
"18","10238","250465332","1","12.10.2022 8:28:07"
"19","2409","250465332","0","12.10.2022 8:28:22"
"20","16318","250465332","3","12.10.2022 8:28:26"
"21","12383","250465332","0","12.10.2022 10:27:34"
"22","12209","250465332","1","12.10.2022 10:27:46"
"23","12846","250465332","3","12.10.2022 10:27:52"
"24","6806","250465332","1","12.10.2022 10:28:03"
"25","4697","250465332","3","12.10.2022 10:28:06"
"26","14871","250465332","3","12.10.2022 10:28:18"
"27","8718","250465332","0","12.10.2022 10:28:28"
"28","13677","250465332","1","12.10.2022 10:28:39"
"29","6487","250465332","0","12.10.2022 10:28:55"
"30","16004","250465332","0","12.10.2022 10:29:14"
"31","9677","250465332","1","12.10.2022 10:29:27"
"32","14786","250465332","0","12.10.2022 10:29:48"
"33","10211","250465332","1","12.10.2022 10:29:53"
"34","16231","250465332","3","12.10.2022 10:30:00"
"35","17909","250465332","3","12.10.2022 10:30:04"
"36","12535","250465332","1","12.10.2022 10:30:10"
"37","4935","250465332","3","12.10.2022 10:30:24"
"38","1059","250465332","3","12.10.2022 10:30:27"
"39","4216","250465332","3","12.10.2022 10:30:42"
"40","9925","250465332","3","12.10.2022 10:30:56"
"41","6800","250465332","0","12.10.2022 10:31:10"
"42","6426","250465332","3","12.10.2022 10:31:24"
"43","5464","250465332","1","12.10.2022 10:31:31"
"44","14662","250465332","0","12.10.2022 10:31:44"
"45","12062","250465332","3","12.10.2022 10:31:50"
"46","15422","250465332","1","12.10.2022 10:31:55"
"47","6400","250465332","1","12.10.2022 10:32:05"
"48","56","250465332","3","12.10.2022 10:32:09"
"49","16435","250465332","1","12.10.2022 10:32:18"
"50","6448","250465332","1","12.10.2022 10:33:39"
"51","831","250465332","1","12.10.2022 10:33:51"
"52","12112","250465332","3","12.10.2022 10:34:02"
"53","9845","250465332","3","12.10.2022 10:34:08"
"54","5490","250465332","0","12.10.2022 10:34:19"
"55","12999","250465332","1","12.10.2022 10:34:28"
"56","8346","250465332","3","12.10.2022 10:34:35"
"57","11117","250465332","3","12.10.2022 10:34:43"
"58","17978","250465332","0","12.10.2022 10:34:52"
"59","2825","250465332","1","12.10.2022 10:35:08"
"60","18289","250465332","1","12.10.2022 10:35:17"
"61","5727","250465332","3","12.10.2022 10:35:30"
"62","5346","250465332","3","12.10.2022 10:35:38"
"63","11147","250465332","0","12.10.2022 10:35:52"
"64","3425","250465332","1","12.10.2022 10:36:00"
"65","15410","250465332","1","12.10.2022 17:46:38"
"66","855","250465332","0","12.10.2022 17:46:49"
"67","7383","250465332","3","12.10.2022 17:47:04"
"68","6727","250465332","3","12.10.2022 17:47:24"
"69","2285","250465332","0","12.10.2022 17:47:35"
"70","6212","250465332","0","12.10.2022 17:47:42"
"71","6094","250465332","0","12.10.2022 17:47:49"
"72","6060","250465332","3","12.10.2022 17:47:58"
"73","18140","250465332","0","12.10.2022 17:48:10"
"74","17806","250465332","1","12.10.2022 17:48:23"
"75","5886","250465332","3","12.10.2022 17:48:32"
"76","18159","250465332","3","12.10.2022 17:48:40"
"77","12488","250465332","3","12.10.2022 17:48:43"
"78","14287","250465332","3","12.10.2022 17:48:47"
"79","6109","250465332","1","12.10.2022 17:48:52"
"80","3621","250465332","3","12.10.2022 17:49:00"
"81","13517","250465332","3","12.10.2022 17:49:05"
"82","1074","250465332","3","12.10.2022 17:49:09"
"83","11912","250465332","1","12.10.2022 17:49:21"
"84","14115","250465332","1","12.10.2022 17:49:35"
"85","14998","250465332","1","12.10.2022 17:49:43"
"86","12773","250465332","3","12.10.2022 17:49:47"
"87","5340","250465332","1","12.10.2022 17:49:59"
"88","17531","250465332","1","12.10.2022 17:50:04"
"89","2991","250465332","3","12.10.2022 17:50:10"
"90","5429","250465332","3","12.10.2022 17:50:21"
"91","4896","250465332","3","12.10.2022 17:50:43"
"92","16718","250465332","0","12.10.2022 17:50:53"
"93","793","250465332","3","12.10.2022 17:51:06"
"94","10084","250465332","0","12.10.2022 17:51:14"
"95","13224","250465332","3","12.10.2022 17:51:20"
"96","17008","250465332","3","12.10.2022 17:51:23"
"97","17436","250465332","1","12.10.2022 17:51:31"
"98","11829","250465332","3","12.10.2022 17:51:34"
"99","2366","250465332","0","12.10.2022 17:51:42"
"100","10321","250465332","1","12.10.2022 17:52:03"
"101","13200","250465332","1","12.10.2022 17:52:14"
"102","17410","250465332","0","12.10.2022 17:52:29"
"103","12083","250465332","3","12.10.2022 17:52:33"
"104","16482","250465332","3","12.10.2022 17:52:35"
"105","8851","250465332","3","12.10.2022 17:52:39"
"106","13055","250465332","0","12.10.2022 17:52:46"
"107","24","250465332","3","12.10.2022 17:56:16"
"108","7801","250465332","0","12.10.2022 17:56:32"
"109","589","250465332","1","12.10.2022 17:56:46"
"110","3792","250465332","3","12.10.2022 17:56:54"
"111","7531","250465332","3","12.10.2022 18:08:08"
"112","10810","250465332","3","12.10.2022 18:11:45"
"113","7963","250465332","1","12.10.2022 18:11:55"
"114","2449","250465332","1","12.10.2022 18:12:03"
"115","2354","250465332","3","12.10.2022 18:12:05"
"116","3511","250465332","1","12.10.2022 18:12:21"
"117","8915","250465332","0","12.10.2022 18:12:31"
"118","16421","250465332","3","12.10.2022 18:12:35"
"119","15834","250465332","1","12.10.2022 18:12:51"
"120","18030","250465332","3","12.10.2022 18:13:30"
"121","3318","250465332","0","12.10.2022 18:13:53"
"122","5922","250465332","0","12.10.2022 18:14:04"
"123","8190","250465332","1","12.10.2022 18:14:09"
"124","13813","250465332","1","12.10.2022 18:14:24"
"125","13717","250465332","3","12.10.2022 18:14:30"
"126","7069","250465332","1","12.10.2022 18:14:40"
"127","10191","250465332","3","12.10.2022 18:14:43"
"128","7227","250465332","3","12.10.2022 18:14:56"
"129","9150","250465332","1","12.10.2022 18:15:19"
"130","17823","250465332","3","12.10.2022 18:15:41"
"131","11905","250465332","1","12.10.2022 18:15:52"
"132","17927","250465332","0","12.10.2022 18:16:03"
"133","5581","250465332","1","12.10.2022 18:16:14"
"134","12450","250465332","3","12.10.2022 18:16:17"
"135","11054","250465332","3","12.10.2022 18:16:34"
"136","129","250465332","0","12.10.2022 18:16:48"
"137","11687","250465332","1","12.10.2022 18:16:59"
"138","17689","250465332","0","12.10.2022 18:17:07"
"139","9676","250465332","0","12.10.2022 18:17:12"
"140","17717","250465332","3","12.10.2022 18:17:16"
"141","16188","250465332","1","12.10.2022 18:17:27"
"142","15555","250465332","1","12.10.2022 18:17:39"
"143","6547","250465332","3","12.10.2022 18:17:50"
"144","254","250465332","0","12.10.2022 18:17:56"
"145","15013","250465332","1","12.10.2022 18:18:03"
"146","5501","250465332","3","12.10.2022 18:18:06"
"147","8938","250465332","0","12.10.2022 18:18:20"
"148","9324","250465332","3","12.10.2022 18:18:24"
"149","13977","250465332","0","12.10.2022 18:18:32"
"150","5726","250465332","3","12.10.2022 18:18:35"
"151","14723","250465332","0","12.10.2022 18:18:48"
"152","9931","250465332","1","12.10.2022 18:18:53"
"153","8397","250465332","3","12.10.2022 18:18:57"
"154","12079","250465332","3","12.10.2022 18:19:13"
"155","13358","250465332","3","12.10.2022 18:19:21"
"156","16276","250465332","1","12.10.2022 18:19:27"
"157","1609","250465332","3","12.10.2022 18:19:39"
"158","4424","250465332","3","12.10.2022 18:19:45"
"159","13284","250465332","1","12.10.2022 18:19:54"
"160","17293","250465332","1","12.10.2022 18:20:02"
"161","6513","250465332","1","12.10.2022 18:20:07"
"162","9395","250465332","0","12.10.2022 18:20:16"
"163","7246","250465332","3","12.10.2022 18:20:21"
"164","18194","250465332","1","12.10.2022 18:20:25"
"165","16407","250465332","1","12.10.2022 18:20:38"
"166","16525","250465332","3","12.10.2022 18:20:40"
"167","16557","250465332","3","12.10.2022 18:20:54"
"168","7550","250465332","3","12.10.2022 18:21:11"
"169","3986","250465332","1","12.10.2022 18:21:20"
"170","7973","250465332","0","12.10.2022 18:21:26"
"171","18103","250465332","1","12.10.2022 18:21:32"
"172","3047","250465332","1","12.10.2022 18:21:36"
"173","6607","250465332","3","12.10.2022 18:21:39"
"174","14329","250465332","1","12.10.2022 18:21:49"
"175","18395","250465332","1","12.10.2022 18:21:53"
"176","6084","250465332","3","12.10.2022 18:21:57"
"177","8153","250465332","0","12.10.2022 18:22:11"
"178","326","250465332","0","12.10.2022 18:22:23"
"179","15167","250465332","3","12.10.2022 18:22:32"
"180","14828","250465332","3","12.10.2022 18:22:59"
"181","8846","723941656","1","12.10.2022 18:23:14"
"182","16189","250465332","3","12.10.2022 18:24:20"
"183","12727","250465332","3","12.10.2022 18:24:25"
"185","8414","250465332","1","12.10.2022 18:30:21"
"186","16970","250465332","1","12.10.2022 18:30:35"
"187","10208","250465332","1","12.10.2022 18:30:41"
"188","4345","250465332","1","12.10.2022 18:30:46"
"189","3955","250465332","1","12.10.2022 18:30:49"
"190","7862","250465332","1","12.10.2022 18:30:54"
"191","7364","250465332","2","12.10.2022 18:30:57"
"192","18170","250465332","3","12.10.2022 18:32:13"
"193","10806","250465332","3","12.10.2022 18:32:16"
"194","14818","250465332","1","12.10.2022 18:32:25"
"195","7435","250465332","3","12.10.2022 18:32:30"
"196","5005","250465332","3","12.10.2022 18:39:57"
"197","15850","250465332","3","12.10.2022 18:49:51"
"198","5944","250465332","3","12.10.2022 18:49:55"
"199","18418","250465332","1","12.10.2022 18:50:04"
"200","6221","250465332","1","12.10.2022 18:50:16"
"201","5506","250465332","0","12.10.2022 18:50:27"
"202","17477","250465332","3","12.10.2022 18:50:36"
"203","16384","250465332","3","12.10.2022 18:50:45"
"204","12865","250465332","1","12.10.2022 18:50:54"
"205","4943","250465332","3","12.10.2022 18:50:59"
"206","5317","250465332","3","12.10.2022 18:51:06"
"207","2880","250465332","1","12.10.2022 18:51:29"
"208","677","250465332","1","12.10.2022 18:51:40"
"209","3330","250465332","3","12.10.2022 18:51:47"
"210","5592","250465332","3","12.10.2022 18:51:49"
"211","3880","250465332","0","13.10.2022 5:41:18"
"212","7418","250465332","7","13.10.2022 11:57:14"
"213","9549","250465332","0","13.10.2022 11:57:45"
"214","13003","250465332","0","13.10.2022 11:57:57"
"215","15161","250465332","3","13.10.2022 11:57:59"
"216","4900","250465332","1","13.10.2022 12:00:40"
"217","5976","250465332","3","13.10.2022 12:00:43"
"218","809","250465332","3","13.10.2022 12:00:56"
"219","4326","250465332","3","13.10.2022 12:01:04"
"220","9350","250465332","3","13.10.2022 12:01:06"
"221","5102","250465332","8","13.10.2022 12:04:14"
"222","14981","192193316","1","13.10.2022 12:06:58"
"223","14364","192193316","0","13.10.2022 19:06:44"
"224","5464","192193316","7","13.10.2022 19:06:52"
"226","8136","213316727","1","13.10.2022 19:11:52"
"227","10329","213316727","1","13.10.2022 19:14:58"
"228","9180","250465332","5","13.10.2022 19:46:31"
"229","2194","250465332","0","13.10.2022 19:46:37"
"230","8298","250465332","3","13.10.2022 19:46:40"
"231","1277","250465332","3","13.10.2022 19:46:43"
"232","8058","250465332","0","13.10.2022 19:46:53"
"233","7609","250465332","3","13.10.2022 19:46:58"
"234","157","250465332","3","13.10.2022 19:47:00"
"235","2958","250465332","0","13.10.2022 19:47:22"
"236","15863","250465332","0","13.10.2022 19:47:35"
"237","8974","250465332","0","13.10.2022 19:47:46"
"238","7860","250465332","3","13.10.2022 19:47:51"
"239","9118","250465332","3","13.10.2022 20:09:41"
"240","14071","192193316","7","13.10.2022 21:38:25"
"241","6270","192193316","3","13.10.2022 21:38:34"
"242","11882","192193316","3","13.10.2022 21:38:58"
"243","546","192193316","0","13.10.2022 21:39:06"
"244","1613","192193316","0","13.10.2022 21:39:22"
"245","13523","192193316","0","13.10.2022 21:39:29"
"246","3527","192193316","4","13.10.2022 21:39:41"
"247","366","192193316","9","13.10.2022 21:39:48"
"248","8214","192193316","0","13.10.2022 21:40:05"
"249","9858","192193316","6","13.10.2022 21:40:12"
"250","13892","192193316","4","13.10.2022 21:40:18"
"251","16692","192193316","0","13.10.2022 21:40:30"
"252","13499","192193316","1","13.10.2022 21:41:13"
"253","1016","192193316","7","13.10.2022 21:41:29"
"254","151","192193316","4","13.10.2022 21:41:39"
"255","5213","192193316","0","13.10.2022 21:41:51"
"256","16747","192193316","1","13.10.2022 21:42:03"
"257","13470","192193316","0","13.10.2022 21:42:13"
"258","12748","192193316","0","13.10.2022 21:42:24"
"259","11306","192193316","8","13.10.2022 21:42:33"
"260","10673","192193316","0","13.10.2022 21:42:41"
"261","7939","192193316","0","13.10.2022 21:42:47"
"262","605","192193316","0","13.10.2022 21:42:58"
"263","350","192193316","0","13.10.2022 21:43:04"
"264","10786","192193316","4","13.10.2022 21:43:16"
"265","12219","192193316","8","13.10.2022 21:43:27"
"266","14005","192193316","1","13.10.2022 21:43:47"
"267","5494","192193316","9","13.10.2022 21:44:00"
"268","13150","192193316","0","13.10.2022 21:44:15"
"269","10201","192193316","0","13.10.2022 21:44:26"
"270","16679","192193316","0","13.10.2022 21:44:39"
"271","12627","192193316","0","13.10.2022 21:44:49"
"272","1280","192193316","0","13.10.2022 21:45:01"
"273","17313","192193316","1","13.10.2022 21:45:37"
"274","4750","192193316","0","13.10.2022 21:45:42"
"275","17953","192193316","0","13.10.2022 21:45:48"
"276","8863","192193316","0","13.10.2022 21:45:55"
"277","8887","192193316","0","13.10.2022 21:46:09"
"278","8999","192193316","0","13.10.2022 21:46:16"
"279","12804","192193316","4","13.10.2022 21:46:24"
"280","15987","192193316","1","13.10.2022 21:46:47"
"281","1772","192193316","1","13.10.2022 21:46:54"
"282","10637","192193316","0","13.10.2022 21:47:02"
"283","11732","192193316","4","13.10.2022 21:47:19"
"284","14958","192193316","0","13.10.2022 21:48:00"
"285","1824","192193316","0","13.10.2022 21:48:07"
"286","12323","192193316","4","13.10.2022 21:48:19"
"287","8701","192193316","1","13.10.2022 21:49:03"
"288","1837","192193316","4","13.10.2022 21:49:18"
"289","2157","192193316","0","13.10.2022 21:49:25"
"290","18392","192193316","0","13.10.2022 21:49:35"
"291","15818","192193316","0","13.10.2022 21:50:13"
"292","10833","192193316","9","13.10.2022 21:50:20"
"293","9943","192193316","7","13.10.2022 21:50:48"
"294","9140","192193316","1","13.10.2022 21:51:07"
"295","5071","192193316","9","13.10.2022 21:51:15"
"296","8460","192193316","3","13.10.2022 21:51:22"
"297","12791","192193316","4","13.10.2022 21:51:28"
"298","8901","192193316","1","13.10.2022 21:51:45"
"299","11314","192193316","0","13.10.2022 21:51:50"
"300","17152","192193316","4","13.10.2022 21:52:00"
"301","7972","192193316","1","13.10.2022 21:52:48"
"302","11473","192193316","0","13.10.2022 21:52:55"
"303","16132","192193316","5","13.10.2022 21:53:07"
"304","17244","192193316","4","13.10.2022 21:53:23"
"305","1573","192193316","5","13.10.2022 21:53:30"
"306","1301","192193316","5","13.10.2022 21:53:37"
"307","15190","192193316","0","13.10.2022 21:53:43"
"308","7163","192193316","0","13.10.2022 21:53:51"
"309","6758","192193316","1","13.10.2022 21:54:02"
"310","11857","192193316","5","13.10.2022 21:54:13"
"311","14049","192193316","4","13.10.2022 21:54:22"
"312","17815","192193316","0","13.10.2022 21:54:45"
"313","4185","192193316","5","13.10.2022 21:54:54"
"314","13901","192193316","1","13.10.2022 21:55:13"
"315","10690","192193316","5","13.10.2022 21:55:27"
"316","14973","192193316","6","13.10.2022 21:55:40"
"317","14015","192193316","1","13.10.2022 21:55:48"
"318","8939","192193316","5","13.10.2022 21:55:59"
"319","17885","192193316","0","13.10.2022 21:56:45"
"320","8038","192193316","1","13.10.2022 21:56:57"
"321","4137","192193316","1","13.10.2022 21:57:06"
"322","4668","192193316","7","13.10.2022 21:57:13"
"323","15986","192193316","5","13.10.2022 21:57:23"
"324","10025","192193316","0","13.10.2022 21:57:50"
"325","3873","192193316","1","13.10.2022 21:57:58"
"326","7885","192193316","1","13.10.2022 21:58:05"
"327","6652","192193316","1","13.10.2022 21:58:17"
"328","687","192193316","1","13.10.2022 21:58:22"
"329","10577","192193316","0","13.10.2022 21:58:31"
"330","13693","192193316","0","13.10.2022 21:58:41"
"331","14595","192193316","7","13.10.2022 21:58:48"
"332","5990","192193316","5","13.10.2022 21:58:54"
"333","14229","192193316","0","13.10.2022 21:59:04"
"334","1137","192193316","1","13.10.2022 21:59:15"
"335","7852","192193316","0","14.10.2022 8:59:37"
"336","17273","192193316","7","14.10.2022 9:00:02"
"337","16574","192193316","0","14.10.2022 9:00:08"
"338","8957","192193316","0","14.10.2022 9:00:32"
"339","15486","192193316","1","14.10.2022 9:01:31"
"340","9718","192193316","0","14.10.2022 9:01:38"
"341","6421","192193316","0","14.10.2022 9:01:44"
"342","2522","192193316","0","14.10.2022 9:02:14"
"343","11836","192193316","0","14.10.2022 9:02:25"
"344","55","192193316","5","14.10.2022 9:03:04"
"345","5886","192193316","0","14.10.2022 9:03:14"
"346","5266","192193316","1","14.10.2022 9:03:24"
"347","2964","192193316","0","14.10.2022 9:03:32"
"348","16768","192193316","5","14.10.2022 9:04:34"
"349","15755","192193316","9","14.10.2022 9:04:58"
"350","4424","192193316","4","14.10.2022 9:05:07"
"351","13585","192193316","7","14.10.2022 9:05:16"
"352","14073","192193316","1","14.10.2022 9:05:33"
"353","14004","192193316","5","14.10.2022 9:05:47"
"354","1994","192193316","5","14.10.2022 9:06:04"
"355","13194","192193316","0","14.10.2022 9:06:19"
"356","17093","192193316","0","14.10.2022 9:06:46"
"357","3722","192193316","0","14.10.2022 9:06:58"
"358","10651","192193316","3","14.10.2022 9:07:08"
"359","18340","192193316","0","14.10.2022 9:07:45"
"360","11244","192193316","0","14.10.2022 9:07:51"
"361","11514","192193316","4","14.10.2022 9:08:01"
"362","16957","192193316","0","14.10.2022 9:08:08"
"363","18205","192193316","0","14.10.2022 9:08:26"
"364","14770","192193316","5","14.10.2022 9:08:31"
"365","7863","192193316","0","14.10.2022 9:08:42"
"366","2704","250465332","4","15.10.2022 20:30:12"
"367","16667","250465332","0","15.10.2022 20:30:26"
"368","15951","250465332","9","15.10.2022 20:30:32"
"369","3940","192193316","0","16.10.2022 0:43:20"
"370","3302","192193316","5","16.10.2022 0:43:29"
"371","16101","192193316","0","16.10.2022 0:43:54"
"372","39","192193316","0","16.10.2022 0:44:54"
"373","2003","192193316","0","16.10.2022 0:44:59"
"374","6292","192193316","9","16.10.2022 0:45:13"
"375","13394","192193316","9","16.10.2022 0:45:19"
"376","13970","192193316","5","16.10.2022 0:45:23"
"377","17376","192193316","3","16.10.2022 0:45:41"
"378","18140","192193316","9","16.10.2022 0:46:02"
"379","17162","192193316","5","16.10.2022 0:46:08"
"380","17098","192193316","0","16.10.2022 0:46:13"
"381","6788","192193316","4","16.10.2022 0:46:48"
"382","6147","192193316","1","16.10.2022 0:47:04"
"383","16451","192193316","0","16.10.2022 0:47:09"
"384","11454","192193316","9","16.10.2022 0:47:21"
"385","3837","192193316","0","16.10.2022 0:47:26"
"386","17510","192193316","0","16.10.2022 0:47:31"
"387","425","192193316","4","16.10.2022 0:47:53"
"388","13372","192193316","1","16.10.2022 0:48:02"
"389","16941","192193316","0","16.10.2022 0:48:12"
"390","5691","192193316","0","16.10.2022 0:48:37"
"391","15514","192193316","0","16.10.2022 0:48:45"
"392","15370","192193316","1","16.10.2022 0:48:51"
"393","15609","192193316","0","16.10.2022 0:48:59"
"394","12992","192193316","5","16.10.2022 0:49:12"
"395","17203","192193316","0","16.10.2022 0:50:19"
"396","14849","192193316","0","16.10.2022 0:50:24"
"397","16693","192193316","9","16.10.2022 0:50:39"
"398","11452","192193316","0","16.10.2022 0:50:49"
"399","10227","192193316","0","16.10.2022 0:51:01"
"400","6523","192193316","1","16.10.2022 0:51:12"
"401","14089","192193316","0","16.10.2022 0:51:17"
"402","133","192193316","0","16.10.2022 0:51:52"
"403","12448","192193316","7","16.10.2022 0:52:08"
"404","12480","192193316","7","16.10.2022 0:52:19"
"405","11983","192193316","1","16.10.2022 0:52:27"
"406","11294","192193316","5","16.10.2022 0:52:46"
"407","14436","192193316","5","16.10.2022 0:52:53"
"408","8722","192193316","0","16.10.2022 0:53:03"
"409","3200","192193316","0","16.10.2022 0:53:12"
"410","520","192193316","0","16.10.2022 0:53:20"
"411","3368","192193316","0","16.10.2022 0:53:37"
"412","728","192193316","0","16.10.2022 0:53:50"
"413","17905","192193316","1","16.10.2022 0:54:04"
"414","5911","192193316","4","16.10.2022 0:54:12"
"415","1516","192193316","0","16.10.2022 0:55:12"
"416","14185","192193316","0","16.10.2022 0:55:18"
"417","17106","192193316","0","16.10.2022 0:55:40"
"418","13488","192193316","0","16.10.2022 0:55:53"
"419","13345","192193316","5","16.10.2022 0:56:01"
"420","11436","192193316","0","16.10.2022 0:56:41"
"421","8536","192193316","4","16.10.2022 0:56:50"
"422","16799","192193316","0","16.10.2022 0:57:27"
"423","3479","192193316","8","16.10.2022 0:57:41"
"424","10077","192193316","1","16.10.2022 0:57:53"
"425","12003","192193316","5","16.10.2022 0:58:03"
"426","10228","192193316","0","16.10.2022 0:58:08"
"427","3005","192193316","0","16.10.2022 0:58:19"
"428","9464","192193316","9","16.10.2022 0:58:26"
"429","14740","192193316","5","16.10.2022 0:58:36"
"430","15080","192193316","0","16.10.2022 0:58:42"
"431","74","192193316","5","16.10.2022 0:58:47"
"432","8911","192193316","0","16.10.2022 0:59:18"
"433","11767","192193316","9","16.10.2022 0:59:44"
"434","1233","192193316","9","16.10.2022 0:59:53"
"435","14136","192193316","0","16.10.2022 1:00:44"
"436","16934","192193316","5","16.10.2022 1:00:59"
"437","3811","192193316","0","16.10.2022 1:01:06"
"438","3557","192193316","1","16.10.2022 1:01:11"
"439","5843","192193316","0","16.10.2022 1:01:31"
"440","10565","192193316","9","16.10.2022 1:02:23"
"441","7295","192193316","0","16.10.2022 13:14:31"
"442","12934","192193316","4","16.10.2022 13:15:03"
"443","17192","192193316","4","16.10.2022 13:15:10"
"444","13930","250465332","3","17.10.2022 12:08:23"
"445","9253","250465332","0","17.10.2022 12:08:31"
"446","7612","250465332","3","17.10.2022 12:08:33"
"447","11915","250465332","3","17.10.2022 12:08:35"
"448","89","250465332","3","17.10.2022 12:08:42"
"449","7698","250465332","3","17.10.2022 12:08:48"
"450","7593","250465332","5","17.10.2022 12:09:03"
"451","309","250465332","0","17.10.2022 12:09:14"
"452","16386","250465332","8","17.10.2022 12:09:28"
"453","7634","250465332","0","17.10.2022 12:09:36"
"454","5256","250465332","0","17.10.2022 12:09:50"
"455","18307","250465332","0","17.10.2022 12:10:04"
"456","10158","250465332","0","17.10.2022 12:10:12"
"457","11266","250465332","1","17.10.2022 12:10:32"
"459","11516","250465332","3","17.10.2022 12:11:41"
"460","13145","250465332","0","17.10.2022 12:11:50"
"461","10951","250465332","5","17.10.2022 12:11:58"
"462","14491","250465332","0","17.10.2022 12:12:10"
"463","5392","250465332","5","17.10.2022 12:12:17"
"464","11031","250465332","3","17.10.2022 12:12:19"
"465","6472","250465332","4","17.10.2022 12:12:42"
"466","342","250465332","8","17.10.2022 12:12:50"
"467","17354","250465332","0","17.10.2022 12:12:55"
"468","5620","250465332","4","17.10.2022 12:13:01"
"469","1543","250465332","0","17.10.2022 12:13:08"
"470","3541","250465332","5","17.10.2022 12:13:18"
"471","1027","250465332","0","17.10.2022 12:13:24"
"472","6882","250465332","3","17.10.2022 12:13:34"
"473","92","250465332","4","17.10.2022 12:13:41"
"474","12879","250465332","3","17.10.2022 12:13:46"
"475","14625","250465332","4","17.10.2022 12:14:07"
"476","6562","250465332","0","17.10.2022 12:14:23"
"477","17513","250465332","1","17.10.2022 17:48:22"
"478","729","250465332","3","17.10.2022 17:48:50"
"479","12357","250465332","3","17.10.2022 17:48:52"
"480","4294","250465332","3","17.10.2022 17:49:25"
"481","1267","250465332","5","17.10.2022 17:49:36"
"482","12017","250465332","3","17.10.2022 17:49:44"
"483","5037","250465332","5","17.10.2022 17:50:01"
"484","8761","250465332","3","17.10.2022 17:50:06"
"485","1866","250465332","3","17.10.2022 17:50:15"
"486","5796","250465332","3","17.10.2022 17:50:18"
"487","6155","250465332","3","17.10.2022 17:50:21"
"488","12525","250465332","3","17.10.2022 17:50:38"
"489","12891","250465332","3","17.10.2022 17:51:08"
"490","16911","250465332","3","17.10.2022 17:51:36"
"491","3742","250465332","0","17.10.2022 17:51:48"
"492","3009","250465332","3","17.10.2022 17:51:51"
"493","5138","250465332","3","17.10.2022 17:51:54"
"494","6100","250465332","3","17.10.2022 17:52:09"
"495","11280","250465332","3","17.10.2022 17:52:51"
"496","4022","250465332","3","17.10.2022 17:53:10"
"497","9359","250465332","4","17.10.2022 17:53:31"
"498","13828","250465332","3","17.10.2022 17:53:36"
"499","4563","250465332","3","17.10.2022 17:53:38"
"500","3537","250465332","0","17.10.2022 17:53:53"
"501","7717","250465332","0","17.10.2022 17:54:14"
"502","7225","250465332","3","17.10.2022 17:54:33"
"503","10809","250465332","3","17.10.2022 17:54:38"
"504","8216","250465332","4","17.10.2022 17:54:51"
"505","12000","250465332","7","17.10.2022 17:55:11"
"506","15071","250465332","3","17.10.2022 17:55:16"
"507","16895","250465332","0","17.10.2022 17:55:24"
"508","13571","250465332","3","17.10.2022 17:55:33"
"509","2606","250465332","3","17.10.2022 17:55:35"
"510","4575","250465332","3","17.10.2022 17:55:41"
"511","9585","250465332","1","17.10.2022 17:55:51"
"512","11291","250465332","5","17.10.2022 17:56:01"
"513","4206","250465332","3","17.10.2022 17:56:08"
"514","7510","250465332","0","17.10.2022 17:56:15"
"515","11309","250465332","4","17.10.2022 17:56:28"
"516","5872","250465332","0","17.10.2022 17:56:58"
"517","6629","250465332","3","17.10.2022 17:57:23"
"518","3110","250465332","0","17.10.2022 17:57:33"
"519","12939","250465332","0","17.10.2022 17:57:41"
"520","2736","250465332","3","17.10.2022 17:57:47"
"521","1966","250465332","3","17.10.2022 17:57:49"
"522","17026","250465332","3","17.10.2022 17:57:52"
"523","7039","250465332","0","17.10.2022 17:57:59"
"524","15536","250465332","3","17.10.2022 17:58:01"
"525","7741","250465332","7","17.10.2022 17:58:20"
"526","7440","250465332","3","17.10.2022 17:58:25"
"527","1622","250465332","0","17.10.2022 17:58:35"
"528","10040","250465332","3","17.10.2022 17:58:38"
"529","3585","250465332","3","17.10.2022 17:58:43"
"530","7268","250465332","3","17.10.2022 17:58:50"
"531","8427","250465332","1","17.10.2022 17:58:58"
"532","1520","250465332","0","17.10.2022 17:59:04"
"533","7541","250465332","0","17.10.2022 17:59:12"
"534","12821","250465332","0","17.10.2022 17:59:26"
"535","12211","250465332","0","18.10.2022 8:42:59"
"536","9367","192193316","0","18.10.2022 21:47:41"
"537","6069","192193316","7","18.10.2022 21:47:50"
"538","4025","192193316","1","18.10.2022 21:48:24"
"539","18363","192193316","5","18.10.2022 21:48:54"
"540","7533","192193316","4","18.10.2022 21:49:04"
"541","13229","192193316","0","18.10.2022 21:49:17"
"542","5184","192193316","7","18.10.2022 21:49:24"
"543","1344","192193316","7","18.10.2022 21:49:34"
"544","15817","192193316","1","18.10.2022 21:49:43"
"545","16729","192193316","0","18.10.2022 21:50:17"
"546","12863","192193316","9","18.10.2022 21:50:21"
"547","4233","192193316","4","18.10.2022 21:50:28"
"548","17086","192193316","0","18.10.2022 21:51:12"
"549","2996","192193316","7","18.10.2022 21:51:33"
"550","5685","192193316","1","18.10.2022 21:51:40"
"551","5131","192193316","1","18.10.2022 21:52:42"
"552","6057","192193316","0","18.10.2022 21:52:54"
"553","16629","192193316","0","18.10.2022 21:53:01"
"554","4637","192193316","0","18.10.2022 21:53:06"
"555","3194","192193316","9","18.10.2022 21:53:15"
"556","15615","192193316","1","18.10.2022 21:53:21"
"557","12868","192193316","1","18.10.2022 21:53:51"
"558","8555","192193316","0","18.10.2022 21:53:57"
"559","2834","192193316","4","18.10.2022 21:54:45"
"560","4907","192193316","1","18.10.2022 21:54:58"
"561","14306","192193316","1","18.10.2022 21:55:13"
"562","11321","192193316","0","18.10.2022 21:55:22"
"563","15493","192193316","0","18.10.2022 21:55:33"
"564","16040","192193316","1","18.10.2022 21:55:42"
"565","10499","192193316","1","18.10.2022 21:55:50"
"566","4579","192193316","1","18.10.2022 21:56:48"
"567","16096","192193316","1","18.10.2022 21:56:53"
"568","5828","192193316","0","18.10.2022 21:57:10"
"569","5772","192193316","0","18.10.2022 21:58:38"
"570","9239","192193316","0","18.10.2022 21:58:53"
"571","1601","192193316","0","18.10.2022 21:58:58"
"572","11086","192193316","1","18.10.2022 21:59:03"
"573","5476","192193316","1","18.10.2022 21:59:29"
"574","17361","192193316","0","18.10.2022 21:59:42"
"575","430","192193316","1","18.10.2022 22:00:11"
"576","15135","192193316","0","18.10.2022 22:00:17"
"577","3927","192193316","0","18.10.2022 22:00:27"
"578","1228","192193316","1","18.10.2022 22:00:41"
"579","16387","192193316","0","18.10.2022 22:00:58"
"580","6339","192193316","0","18.10.2022 22:01:06"
"581","324","192193316","1","18.10.2022 22:01:17"
"582","12901","192193316","0","18.10.2022 22:01:51"
"583","2049","192193316","0","18.10.2022 22:01:59"
"584","11691","192193316","1","18.10.2022 22:02:10"
"585","16139","192193316","9","18.10.2022 22:02:45"
"586","16380","192193316","1","18.10.2022 22:03:07"
"587","6396","192193316","0","18.10.2022 22:03:12"
"588","17436","192193316","8","18.10.2022 22:03:17"
"589","9300","192193316","7","18.10.2022 22:03:27"
"590","9624","192193316","9","18.10.2022 22:03:39"
"591","6760","192193316","1","18.10.2022 22:03:46"
"592","17660","192193316","0","18.10.2022 22:03:54"
"593","18312","192193316","1","18.10.2022 22:04:06"
"594","5286","192193316","1","18.10.2022 22:04:18"
"595","6423","192193316","0","18.10.2022 22:04:27"
"596","13309","192193316","0","18.10.2022 22:04:32"
"597","13565","192193316","0","18.10.2022 22:04:42"
"598","9197","192193316","9","18.10.2022 22:04:54"
"599","16272","192193316","5","18.10.2022 22:05:04"
"600","10280","192193316","5","18.10.2022 22:05:09"
"601","9353","192193316","5","18.10.2022 22:05:17"
"602","7955","192193316","9","18.10.2022 22:05:24"
"603","8494","192193316","4","18.10.2022 22:05:30"
"604","4218","192193316","9","19.10.2022 1:00:22"
"605","8929","192193316","9","19.10.2022 1:00:25"
"606","5151","192193316","9","19.10.2022 1:00:30"
"607","16080","192193316","0","19.10.2022 1:00:38"
"608","12506","192193316","4","19.10.2022 1:01:04"
"609","7937","192193316","1","19.10.2022 1:01:23"
"610","18290","192193316","0","19.10.2022 1:01:50"
"611","16533","192193316","1","19.10.2022 1:02:11"
"612","589","192193316","1","19.10.2022 1:02:21"
"613","10181","192193316","9","19.10.2022 1:02:28"
"614","9169","192193316","0","19.10.2022 1:02:38"
"615","2982","192193316","8","19.10.2022 1:02:46"
"616","4508","192193316","0","19.10.2022 1:02:52"
"617","3458","192193316","4","19.10.2022 1:02:57"
"618","1371","192193316","0","19.10.2022 1:03:24"
"619","8503","192193316","9","19.10.2022 1:03:30"
"620","16653","192193316","4","19.10.2022 1:03:38"
"621","11257","192193316","1","19.10.2022 1:03:50"
"622","4295","250465332","7","20.10.2022 17:35:03"
"623","8400","250465332","3","20.10.2022 17:35:15"
"624","5064","250465332","3","20.10.2022 17:35:19"
"625","5190","250465332","0","20.10.2022 17:35:33"
"626","12983","250465332","7","20.10.2022 17:35:42"
"627","8997","250465332","5","20.10.2022 17:35:53"
"628","10705","250465332","1","20.10.2022 17:36:07"
"629","13747","250465332","3","20.10.2022 17:36:12"
"630","1157","250465332","0","20.10.2022 17:36:23"
"631","2986","250465332","0","20.10.2022 17:36:38"
"632","2518","250465332","0","20.10.2022 17:37:05"
"633","10971","250465332","0","20.10.2022 17:37:16"
"634","15875","250465332","9","20.10.2022 17:37:32"
"635","10968","250465332","0","20.10.2022 17:37:47"
"636","17860","250465332","5","20.10.2022 17:38:00"
"637","17120","250465332","5","20.10.2022 17:38:15"
"638","7485","250465332","3","20.10.2022 17:38:23"
"639","10000","250465332","3","20.10.2022 17:38:27"
"640","6343","250465332","0","20.10.2022 17:38:46"
"641","14079","250465332","3","20.10.2022 17:39:00"
"642","12684","250465332","3","20.10.2022 17:39:08"
"643","15650","250465332","0","20.10.2022 17:39:28"
"644","10559","250465332","0","20.10.2022 17:39:37"
"645","12728","250465332","0","20.10.2022 17:39:44"
"646","12585","250465332","0","20.10.2022 17:40:04"
"647","2703","192193316","6","20.10.2022 22:40:47"
"648","14967","192193316","1","20.10.2022 22:41:02"
"649","17659","192193316","0","20.10.2022 22:41:26"
"650","14480","192193316","0","20.10.2022 22:42:07"
"651","2102","192193316","1","20.10.2022 22:42:16"
"652","17180","192193316","0","20.10.2022 22:42:24"
"653","16737","192193316","0","20.10.2022 22:43:19"
"654","8970","192193316","1","20.10.2022 22:44:34"
"655","7149","192193316","0","20.10.2022 22:44:52"
"656","16687","192193316","1","20.10.2022 22:45:02"
"657","13607","192193316","1","20.10.2022 22:46:53"
"658","14578","192193316","5","20.10.2022 22:47:30"
"659","16765","192193316","0","20.10.2022 22:47:41"
"660","11960","192193316","1","20.10.2022 22:47:47"
"661","6365","192193316","1","20.10.2022 22:47:56"
"662","16581","192193316","1","20.10.2022 22:48:00"
"663","5923","192193316","1","20.10.2022 22:48:04"
"664","13564","192193316","1","20.10.2022 22:48:16"
"665","181","192193316","1","20.10.2022 22:48:27"
"666","4267","192193316","1","20.10.2022 22:48:33"
"667","13448","192193316","7","20.10.2022 22:48:44"
"668","4041","192193316","4","20.10.2022 22:49:48"
"669","5386","192193316","0","20.10.2022 22:50:12"
"670","11368","192193316","9","20.10.2022 22:50:17"
"671","3282","192193316","5","20.10.2022 22:50:33"
"672","2647","192193316","1","20.10.2022 22:50:46"
"673","7341","192193316","1","20.10.2022 22:50:59"
"674","14291","192193316","1","20.10.2022 22:51:04"
"675","680","192193316","0","20.10.2022 22:51:16"
"676","3396","192193316","1","20.10.2022 22:51:21"
"677","3515","192193316","1","20.10.2022 22:51:50"
"678","8660","192193316","9","20.10.2022 22:51:56"
"679","5055","192193316","6","20.10.2022 22:52:04"
"680","1842","192193316","4","20.10.2022 22:52:15"
"681","16043","192193316","9","20.10.2022 22:52:25"
"682","13907","192193316","5","20.10.2022 22:52:33"
"683","12186","192193316","5","20.10.2022 23:01:20"
"684","16286","192193316","1","20.10.2022 23:01:39"
"685","3079","192193316","0","20.10.2022 23:01:43"
"686","1814","192193316","0","20.10.2022 23:01:49"
"687","5194","192193316","0","20.10.2022 23:02:30"
"688","16588","192193316","4","20.10.2022 23:02:40"
"689","18010","192193316","0","20.10.2022 23:03:00"
"690","5546","192193316","1","20.10.2022 23:03:11"
"691","13867","192193316","4","20.10.2022 23:03:16"
"692","16725","192193316","0","20.10.2022 23:03:22"
"693","12015","192193316","9","20.10.2022 23:03:35"
"694","15787","192193316","0","20.10.2022 23:04:31"
"695","14500","192193316","1","20.10.2022 23:04:39"
"696","13698","192193316","4","20.10.2022 23:04:49"
"697","4760","192193316","1","20.10.2022 23:05:01"
"698","8918","192193316","9","20.10.2022 23:05:09"
"699","3573","192193316","0","20.10.2022 23:05:30"
"700","17121","192193316","1","20.10.2022 23:05:52"
"701","10033","192193316","1","20.10.2022 23:06:05"
"702","7215","192193316","4","20.10.2022 23:06:09"
"707","5879","192193316","6",null
"708","1618","192193316","4",null
"709","1316","192193316","0",null
"710","13682","192193316","4",null
"711","11852","192193316","1",null
"712","16265","192193316","3",null
"713","5127","192193316","0",null
"714","4761","192193316","0",null
"715","9331","192193316","4",null
"716","3488","192193316","0",null
"717","11256","192193316","1",null
"718","5994","192193316","0",null
"719","4657","192193316","4",null
"720","13211","192193316","0",null
"721","17761","192193316","1",null
"722","4840","192193316","4",null
"723","18192","192193316","1",null
"724","1223","192193316","1",null
"725","735","192193316","5",null
"726","15975","192193316","9",null
"727","12491","192193316","1",null
"728","15192","192193316","2",null
"729","5616","192193316","1",null
"730","11226","192193316","0",null
"731","13233","192193316","9",null
"733","2415","192193316","0",null
"734","14361","192193316","0",null
"735","17777","192193316","1",null
"736","388","192193316","3",null
"737","558","192193316","0",null
"738","2889","192193316","1",null
"739","4453","192193316","0",null
"740","235","192193316","4",null
"741","17542","192193316","3",null
"742","9493","192193316","1",null
"743","4562","192193316","0",null
"744","261","192193316","0",null
"745","10547","192193316","9",null
"746","16560","192193316","9",null
"747","4692","192193316","0",null
"748","4936","192193316","0",null
"749","9104","192193316","1",null
"750","17547","192193316","9",null
"751","17911","192193316","1",null
"752","4809","192193316","6",null
"753","11609","192193316","1",null
"754","5227","192193316","0",null
"755","4246","192193316","0",null
"756","3535","192193316","0",null
"757","1603","192193316","0",null
"758","9689","192193316","0",null
"759","13901","192193316","0",null
"760","17658","192193316","1",null
"761","2668","192193316","0",null
"762","8782","192193316","0",null
"763","3851","192193316","0",null
"764","3926","192193316","0",null
"765","14097","192193316","0",null
"766","9513","192193316","0",null
"767","5471","192193316","0",null
"768","2400","192193316","5",null
"769","2105","192193316","0",null
"770","7574","192193316","1",null
"771","17617","192193316","0",null
"772","15703","192193316","1",null
"773","9245","192193316","1",null
"774","17133","192193316","5",null
"775","2356","192193316","1",null
"776","2817","192193316","0",null
"777","2312","192193316","0",null
"778","11978","192193316","1",null
"779","5042","192193316","9",null
"780","5177","192193316","0",null
"781","2790","192193316","0",null
"782","18223","192193316","7",null
"783","17515","192193316","1",null
"784","8064","192193316","4",null
"785","15066","192193316","0",null
"786","3856","192193316","0",null
"787","7028","192193316","0",null
"788","12624","192193316","0",null
"789","4684","192193316","0",null
"790","8201","192193316","3",null
"791","806","192193316","1",null
"792","12980","192193316","5",null
"793","1531","192193316","0",null
"794","17505","192193316","0",null
"795","3905","192193316","5",null
"796","5093","192193316","9",null
"797","8409","192193316","1",null
"798","13962","192193316","7",null
"799","9848","192193316","0",null
"800","11171","192193316","5",null
"801","13647","192193316","0",null
"802","10368","192193316","0",null
"803","14832","192193316","0",null
"804","3003","192193316","0",null
"805","17402","192193316","0",null
"806","14636","192193316","0",null
"807","13944","192193316","1",null
"808","4057","192193316","7",null
"809","16595","192193316","1",null
"810","5386","192193316","6",null
"811","6572","192193316","0",null
"812","10522","192193316","5",null
"813","1904","192193316","5",null
"814","27","213316727","1",null
"815","16412","213316727","0",null
"816","13341","213316727","1",null
"817","4448","213316727","9",null
"818","8150","213316727","4",null
"819","17290","213316727","1",null
"820","8473","192193316","0",null
"821","11614","192193316","1",null
"822","9509","192193316","0",null
"823","2356","192193316","1",null
"824","11538","192193316","5",null
"825","16535","192193316","5",null
"826","11278","192193316","4",null
"827","17366","192193316","0",null
"828","8320","192193316","1",null
"829","7165","192193316","0",null
"830","2373","192193316","0",null
"831","4287","192193316","1",null
"832","17819","192193316","0",null
"833","5192","192193316","1",null
"834","672","192193316","9",null
"835","6934","192193316","9",null
"836","18404","192193316","0",null
"837","14216","192193316","0",null
"838","6387","192193316","4",null
"839","17299","192193316","9",null
"840","7891","192193316","0",null
"841","4694","192193316","5",null
"842","16273","192193316","1",null
"843","5221","192193316","0",null
"844","17666","192193316","5",null
"845","14906","192193316","0",null
"846","12661","192193316","9",null
"847","2837","192193316","4",null
"848","15825","192193316","4",null
"849","4190","192193316","4",null
"850","9608","192193316","10",null
"851","12112","192193316","0",null
"852","7556","192193316","1",null
"853","10649","192193316","1",null
"854","4365","192193316","1",null
"855","1445","192193316","0",null
"856","1234","192193316","5",null
"857","9856","192193316","4",null
"858","4079","192193316","5",null
"859","13374","192193316","5",null
"860","4149","192193316","5",null
"861","12445","192193316","1",null
"862","16539","326525586","6",null
"863","14459","326525586","0",null
"864","14263","326525586","0",null
"865","8371","326525586","0",null
